-- MySQL dump 10.13  Distrib 5.7.19, for Linux (x86_64)
--
-- Host: localhost    Database: grand_reserve
-- ------------------------------------------------------
-- Server version	5.7.19-0ubuntu0.16.04.1

/*!40101 SET @OLD_CHARACTER_SET_CLIENT=@@CHARACTER_SET_CLIENT */;
/*!40101 SET @OLD_CHARACTER_SET_RESULTS=@@CHARACTER_SET_RESULTS */;
/*!40101 SET @OLD_COLLATION_CONNECTION=@@COLLATION_CONNECTION */;
/*!40101 SET NAMES utf8 */;
/*!40103 SET @OLD_TIME_ZONE=@@TIME_ZONE */;
/*!40103 SET TIME_ZONE='+00:00' */;
/*!40014 SET @OLD_UNIQUE_CHECKS=@@UNIQUE_CHECKS, UNIQUE_CHECKS=0 */;
/*!40014 SET @OLD_FOREIGN_KEY_CHECKS=@@FOREIGN_KEY_CHECKS, FOREIGN_KEY_CHECKS=0 */;
/*!40101 SET @OLD_SQL_MODE=@@SQL_MODE, SQL_MODE='NO_AUTO_VALUE_ON_ZERO' */;
/*!40111 SET @OLD_SQL_NOTES=@@SQL_NOTES, SQL_NOTES=0 */;

--
-- Table structure for table `event_types`
--

DROP TABLE IF EXISTS `event_types`;
/*!40101 SET @saved_cs_client     = @@character_set_client */;
/*!40101 SET character_set_client = utf8 */;
CREATE TABLE `event_types` (
  `id` bigint(20) NOT NULL AUTO_INCREMENT,
  `name` varchar(255) NOT NULL,
  `description` varchar(255) NOT NULL,
  PRIMARY KEY (`id`)
) ENGINE=MyISAM AUTO_INCREMENT=6 DEFAULT CHARSET=latin1;
/*!40101 SET character_set_client = @saved_cs_client */;

--
-- Dumping data for table `event_types`
--

LOCK TABLES `event_types` WRITE;
/*!40000 ALTER TABLE `event_types` DISABLE KEYS */;
INSERT INTO `event_types` VALUES (1,'Konsultacja','Jednorazowe spotkanie z klientem'),(2,'Psychoterapia indywidualna','Cykl spotka? indywidualnych'),(3,'Psychoterapia grupowa','Cykl spotka? grupy'),(4,'Grupa otwarcia','Terapeutyczna grupa wyjazdowa'),(5,'Porada','Jednorazowe spotkanie z klientem');
/*!40000 ALTER TABLE `event_types` ENABLE KEYS */;
UNLOCK TABLES;

--
-- Table structure for table `events`
--

DROP TABLE IF EXISTS `events`;
/*!40101 SET @saved_cs_client     = @@character_set_client */;
/*!40101 SET character_set_client = utf8 */;
CREATE TABLE `events` (
  `id` bigint(20) NOT NULL AUTO_INCREMENT,
  `date` datetime NOT NULL,
  `event_duration` int(11) NOT NULL,
  `event_seats` int(11) NOT NULL,
  `hour` datetime NOT NULL,
  `room_id` bigint(20) DEFAULT NULL,
  `series_id` bigint(20) DEFAULT NULL,
  `end_hour` datetime DEFAULT NULL,
  PRIMARY KEY (`id`),
  KEY `FKi4qc07gqilyboc4ueat9mtkn1` (`room_id`),
  KEY `FK85thpqnoin283b2wxxltdm9im` (`series_id`)
) ENGINE=MyISAM AUTO_INCREMENT=288 DEFAULT CHARSET=latin1;
/*!40101 SET character_set_client = @saved_cs_client */;

--
-- Dumping data for table `events`
--

LOCK TABLES `events` WRITE;
/*!40000 ALTER TABLE `events` DISABLE KEYS */;
INSERT INTO `events` VALUES (80,'2017-09-22 00:00:00',1,1,'1970-01-01 18:00:00',1,35,'1970-01-01 19:00:00'),(13,'2017-09-19 00:00:00',5,3,'1970-01-01 11:00:00',2,5,'1970-01-01 16:00:00'),(14,'2017-09-18 00:00:00',3,3,'1970-01-01 11:00:00',2,6,'1970-01-01 14:00:00'),(102,'2018-02-22 23:00:00',1,1,'1970-01-01 18:00:00',1,35,'1970-01-01 19:00:00'),(103,'2018-03-01 23:00:00',1,1,'1970-01-01 18:00:00',1,35,'1970-01-01 19:00:00'),(104,'2018-03-08 23:00:00',1,1,'1970-01-01 18:00:00',1,35,'1970-01-01 19:00:00'),(105,'2018-03-15 23:00:00',1,1,'1970-01-01 18:00:00',1,35,'1970-01-01 19:00:00'),(106,'2018-03-22 23:00:00',1,1,'1970-01-01 18:00:00',1,35,'1970-01-01 19:00:00'),(107,'2018-03-30 00:00:00',1,1,'1970-01-01 18:00:00',1,35,'1970-01-01 19:00:00'),(108,'2018-04-06 00:00:00',1,1,'1970-01-01 18:00:00',1,35,'1970-01-01 19:00:00'),(109,'2018-04-13 00:00:00',1,1,'1970-01-01 18:00:00',1,35,'1970-01-01 19:00:00'),(110,'2018-04-20 00:00:00',1,1,'1970-01-01 18:00:00',1,35,'1970-01-01 19:00:00'),(111,'2018-04-27 00:00:00',1,1,'1970-01-01 18:00:00',1,35,'1970-01-01 19:00:00'),(112,'2018-05-04 00:00:00',1,1,'1970-01-01 18:00:00',1,35,'1970-01-01 19:00:00'),(113,'2018-05-11 00:00:00',1,1,'1970-01-01 18:00:00',1,35,'1970-01-01 19:00:00'),(114,'2018-05-18 00:00:00',1,1,'1970-01-01 18:00:00',1,35,'1970-01-01 19:00:00'),(115,'2018-05-25 00:00:00',1,1,'1970-01-01 18:00:00',1,35,'1970-01-01 19:00:00'),(116,'2018-06-01 00:00:00',1,1,'1970-01-01 18:00:00',1,35,'1970-01-01 19:00:00'),(117,'2018-06-08 00:00:00',1,1,'1970-01-01 18:00:00',1,35,'1970-01-01 19:00:00'),(118,'2018-06-15 00:00:00',1,1,'1970-01-01 18:00:00',1,35,'1970-01-01 19:00:00'),(119,'2018-06-22 00:00:00',1,1,'1970-01-01 18:00:00',1,35,'1970-01-01 19:00:00'),(121,'2018-07-06 00:00:00',1,1,'1970-01-01 18:00:00',1,35,'1970-01-01 19:00:00'),(122,'2018-07-13 00:00:00',1,1,'1970-01-01 18:00:00',1,35,'1970-01-01 19:00:00'),(123,'2018-07-20 00:00:00',1,1,'1970-01-01 18:00:00',1,35,'1970-01-01 19:00:00'),(124,'2018-07-27 00:00:00',1,1,'1970-01-01 18:00:00',1,35,'1970-01-01 19:00:00'),(125,'2018-08-03 00:00:00',1,1,'1970-01-01 18:00:00',1,35,'1970-01-01 19:00:00'),(126,'2018-08-10 00:00:00',1,1,'1970-01-01 18:00:00',1,35,'1970-01-01 19:00:00'),(127,'2018-08-17 00:00:00',1,1,'1970-01-01 18:00:00',1,35,'1970-01-01 19:00:00'),(128,'2018-08-24 00:00:00',1,1,'1970-01-01 18:00:00',1,35,'1970-01-01 19:00:00'),(129,'2018-08-31 00:00:00',1,1,'1970-01-01 18:00:00',1,35,'1970-01-01 19:00:00'),(130,'2018-09-07 00:00:00',1,1,'1970-01-01 18:00:00',1,35,'1970-01-01 19:00:00'),(131,'2018-09-14 00:00:00',1,1,'1970-01-01 18:00:00',1,35,'1970-01-01 19:00:00'),(132,'2018-09-21 00:00:00',1,1,'1970-01-01 18:00:00',1,35,'1970-01-01 19:00:00'),(133,'2018-09-28 00:00:00',1,1,'1970-01-01 18:00:00',1,35,'1970-01-01 19:00:00'),(134,'2018-10-05 00:00:00',1,1,'1970-01-01 18:00:00',1,35,'1970-01-01 19:00:00'),(135,'2018-10-12 00:00:00',1,1,'1970-01-01 18:00:00',1,35,'1970-01-01 19:00:00'),(136,'2018-10-19 00:00:00',1,1,'1970-01-01 18:00:00',1,35,'1970-01-01 19:00:00'),(137,'2018-10-26 00:00:00',1,1,'1970-01-01 18:00:00',1,35,'1970-01-01 19:00:00'),(138,'2018-11-01 23:00:00',1,1,'1970-01-01 18:00:00',1,35,'1970-01-01 19:00:00'),(139,'2018-11-08 23:00:00',1,1,'1970-01-01 18:00:00',1,35,'1970-01-01 19:00:00'),(140,'2018-11-15 23:00:00',1,1,'1970-01-01 18:00:00',1,35,'1970-01-01 19:00:00'),(141,'2018-11-22 23:00:00',1,1,'1970-01-01 18:00:00',1,35,'1970-01-01 19:00:00'),(142,'2018-11-29 23:00:00',1,1,'1970-01-01 18:00:00',1,35,'1970-01-01 19:00:00'),(143,'2018-12-06 23:00:00',1,1,'1970-01-01 18:00:00',1,35,'1970-01-01 19:00:00'),(144,'2018-12-13 23:00:00',1,1,'1970-01-01 18:00:00',1,35,'1970-01-01 19:00:00'),(145,'2018-12-20 23:00:00',1,1,'1970-01-01 18:00:00',1,35,'1970-01-01 19:00:00'),(146,'2018-12-27 23:00:00',1,1,'1970-01-01 18:00:00',1,35,'1970-01-01 19:00:00'),(147,'2019-01-03 23:00:00',1,1,'1970-01-01 18:00:00',1,35,'1970-01-01 19:00:00'),(148,'2019-01-10 23:00:00',1,1,'1970-01-01 18:00:00',1,35,'1970-01-01 19:00:00'),(149,'2019-01-17 23:00:00',1,1,'1970-01-01 18:00:00',1,35,'1970-01-01 19:00:00'),(150,'2019-01-24 23:00:00',1,1,'1970-01-01 18:00:00',1,35,'1970-01-01 19:00:00'),(151,'2019-01-31 23:00:00',1,1,'1970-01-01 18:00:00',1,35,'1970-01-01 19:00:00'),(152,'2019-02-07 23:00:00',1,1,'1970-01-01 18:00:00',1,35,'1970-01-01 19:00:00'),(153,'2019-02-14 23:00:00',1,1,'1970-01-01 18:00:00',1,35,'1970-01-01 19:00:00'),(154,'2019-02-21 23:00:00',1,1,'1970-01-01 18:00:00',1,35,'1970-01-01 19:00:00'),(155,'2019-02-28 23:00:00',1,1,'1970-01-01 18:00:00',1,35,'1970-01-01 19:00:00'),(156,'2019-03-07 23:00:00',1,1,'1970-01-01 18:00:00',1,35,'1970-01-01 19:00:00'),(157,'2019-03-14 23:00:00',1,1,'1970-01-01 18:00:00',1,35,'1970-01-01 19:00:00'),(158,'2019-03-21 23:00:00',1,1,'1970-01-01 18:00:00',1,35,'1970-01-01 19:00:00'),(159,'2019-03-28 23:00:00',1,1,'1970-01-01 18:00:00',1,35,'1970-01-01 19:00:00'),(160,'2019-04-05 00:00:00',1,1,'1970-01-01 18:00:00',1,35,'1970-01-01 19:00:00'),(161,'2019-04-12 00:00:00',1,1,'1970-01-01 18:00:00',1,35,'1970-01-01 19:00:00'),(162,'2019-04-19 00:00:00',1,1,'1970-01-01 18:00:00',1,35,'1970-01-01 19:00:00'),(163,'2019-04-26 00:00:00',1,1,'1970-01-01 18:00:00',1,35,'1970-01-01 19:00:00'),(164,'2019-05-03 00:00:00',1,1,'1970-01-01 18:00:00',1,35,'1970-01-01 19:00:00'),(165,'2019-05-10 00:00:00',1,1,'1970-01-01 18:00:00',1,35,'1970-01-01 19:00:00'),(166,'2019-05-17 00:00:00',1,1,'1970-01-01 18:00:00',1,35,'1970-01-01 19:00:00'),(167,'2019-05-24 00:00:00',1,1,'1970-01-01 18:00:00',1,35,'1970-01-01 19:00:00'),(168,'2019-05-31 00:00:00',1,1,'1970-01-01 18:00:00',1,35,'1970-01-01 19:00:00'),(169,'2019-06-07 00:00:00',1,1,'1970-01-01 18:00:00',1,35,'1970-01-01 19:00:00'),(170,'2019-06-14 00:00:00',1,1,'1970-01-01 18:00:00',1,35,'1970-01-01 19:00:00'),(171,'2019-06-21 00:00:00',1,1,'1970-01-01 18:00:00',1,35,'1970-01-01 19:00:00'),(172,'2019-06-28 00:00:00',1,1,'1970-01-01 18:00:00',1,35,'1970-01-01 19:00:00'),(173,'2019-07-05 00:00:00',1,1,'1970-01-01 18:00:00',1,35,'1970-01-01 19:00:00'),(174,'2019-07-12 00:00:00',1,1,'1970-01-01 18:00:00',1,35,'1970-01-01 19:00:00'),(175,'2019-07-19 00:00:00',1,1,'1970-01-01 18:00:00',1,35,'1970-01-01 19:00:00'),(176,'2019-07-26 00:00:00',1,1,'1970-01-01 18:00:00',1,35,'1970-01-01 19:00:00'),(177,'2019-08-02 00:00:00',1,1,'1970-01-01 18:00:00',1,35,'1970-01-01 19:00:00'),(178,'2019-08-09 00:00:00',1,1,'1970-01-01 18:00:00',1,35,'1970-01-01 19:00:00'),(179,'2019-08-16 00:00:00',1,1,'1970-01-01 18:00:00',1,35,'1970-01-01 19:00:00'),(180,'2019-08-23 00:00:00',1,1,'1970-01-01 18:00:00',1,35,'1970-01-01 19:00:00'),(181,'2019-08-30 00:00:00',1,1,'1970-01-01 18:00:00',1,35,'1970-01-01 19:00:00'),(182,'2019-09-06 00:00:00',1,1,'1970-01-01 18:00:00',1,35,'1970-01-01 19:00:00'),(183,'2019-09-13 00:00:00',1,1,'1970-01-01 18:00:00',1,35,'1970-01-01 19:00:00'),(184,'2019-09-20 00:00:00',1,1,'1970-01-01 18:00:00',1,35,'1970-01-01 19:00:00'),(185,'2019-09-27 00:00:00',1,1,'1970-01-01 18:00:00',1,35,'1970-01-01 19:00:00'),(186,'2019-10-04 00:00:00',1,1,'1970-01-01 18:00:00',1,35,'1970-01-01 19:00:00'),(187,'2019-10-11 00:00:00',1,1,'1970-01-01 18:00:00',1,35,'1970-01-01 19:00:00'),(188,'2019-10-18 00:00:00',1,1,'1970-01-01 18:00:00',1,35,'1970-01-01 19:00:00'),(189,'2019-10-25 00:00:00',1,1,'1970-01-01 18:00:00',1,35,'1970-01-01 19:00:00'),(190,'2019-10-31 23:00:00',1,1,'1970-01-01 18:00:00',1,35,'1970-01-01 19:00:00'),(191,'2019-11-07 23:00:00',1,1,'1970-01-01 18:00:00',1,35,'1970-01-01 19:00:00'),(192,'2019-11-14 23:00:00',1,1,'1970-01-01 18:00:00',1,35,'1970-01-01 19:00:00'),(193,'2019-11-21 23:00:00',1,1,'1970-01-01 18:00:00',1,35,'1970-01-01 19:00:00'),(194,'2019-11-28 23:00:00',1,1,'1970-01-01 18:00:00',1,35,'1970-01-01 19:00:00'),(195,'2019-12-05 23:00:00',1,1,'1970-01-01 18:00:00',1,35,'1970-01-01 19:00:00'),(196,'2019-12-12 23:00:00',1,1,'1970-01-01 18:00:00',1,35,'1970-01-01 19:00:00'),(197,'2019-12-19 23:00:00',1,1,'1970-01-01 18:00:00',1,35,'1970-01-01 19:00:00'),(198,'2019-12-26 23:00:00',1,1,'1970-01-01 18:00:00',1,35,'1970-01-01 19:00:00'),(199,'2020-01-02 23:00:00',1,1,'1970-01-01 18:00:00',1,35,'1970-01-01 19:00:00'),(200,'2020-01-09 23:00:00',1,1,'1970-01-01 18:00:00',1,35,'1970-01-01 19:00:00'),(201,'2020-01-16 23:00:00',1,1,'1970-01-01 18:00:00',1,35,'1970-01-01 19:00:00'),(202,'2020-01-23 23:00:00',1,1,'1970-01-01 18:00:00',1,35,'1970-01-01 19:00:00'),(203,'2020-01-30 23:00:00',1,1,'1970-01-01 18:00:00',1,35,'1970-01-01 19:00:00'),(204,'2020-02-06 23:00:00',1,1,'1970-01-01 18:00:00',1,35,'1970-01-01 19:00:00'),(205,'2020-02-13 23:00:00',1,1,'1970-01-01 18:00:00',1,35,'1970-01-01 19:00:00'),(206,'2020-02-20 23:00:00',1,1,'1970-01-01 18:00:00',1,35,'1970-01-01 19:00:00'),(207,'2020-02-27 23:00:00',1,1,'1970-01-01 18:00:00',1,35,'1970-01-01 19:00:00'),(208,'2020-03-05 23:00:00',1,1,'1970-01-01 18:00:00',1,35,'1970-01-01 19:00:00'),(209,'2020-03-12 23:00:00',1,1,'1970-01-01 18:00:00',1,35,'1970-01-01 19:00:00'),(210,'2020-03-19 23:00:00',1,1,'1970-01-01 18:00:00',1,35,'1970-01-01 19:00:00'),(211,'2020-03-26 23:00:00',1,1,'1970-01-01 18:00:00',1,35,'1970-01-01 19:00:00'),(212,'2020-04-03 00:00:00',1,1,'1970-01-01 18:00:00',1,35,'1970-01-01 19:00:00'),(213,'2020-04-10 00:00:00',1,1,'1970-01-01 18:00:00',1,35,'1970-01-01 19:00:00'),(214,'2020-04-17 00:00:00',1,1,'1970-01-01 18:00:00',1,35,'1970-01-01 19:00:00'),(215,'2020-04-24 00:00:00',1,1,'1970-01-01 18:00:00',1,35,'1970-01-01 19:00:00'),(216,'2020-05-01 00:00:00',1,1,'1970-01-01 18:00:00',1,35,'1970-01-01 19:00:00'),(217,'2020-05-08 00:00:00',1,1,'1970-01-01 18:00:00',1,35,'1970-01-01 19:00:00'),(218,'2020-05-15 00:00:00',1,1,'1970-01-01 18:00:00',1,35,'1970-01-01 19:00:00'),(219,'2020-05-22 00:00:00',1,1,'1970-01-01 18:00:00',1,35,'1970-01-01 19:00:00'),(220,'2020-05-29 00:00:00',1,1,'1970-01-01 18:00:00',1,35,'1970-01-01 19:00:00'),(221,'2020-06-05 00:00:00',1,1,'1970-01-01 18:00:00',1,35,'1970-01-01 19:00:00'),(222,'2020-06-12 00:00:00',1,1,'1970-01-01 18:00:00',1,35,'1970-01-01 19:00:00'),(223,'2020-06-19 00:00:00',1,1,'1970-01-01 18:00:00',1,35,'1970-01-01 19:00:00'),(224,'2020-06-26 00:00:00',1,1,'1970-01-01 18:00:00',1,35,'1970-01-01 19:00:00'),(225,'2020-07-03 00:00:00',1,1,'1970-01-01 18:00:00',1,35,'1970-01-01 19:00:00'),(226,'2020-07-10 00:00:00',1,1,'1970-01-01 18:00:00',1,35,'1970-01-01 19:00:00'),(227,'2020-07-17 00:00:00',1,1,'1970-01-01 18:00:00',1,35,'1970-01-01 19:00:00'),(228,'2020-07-24 00:00:00',1,1,'1970-01-01 18:00:00',1,35,'1970-01-01 19:00:00'),(229,'2020-07-31 00:00:00',1,1,'1970-01-01 18:00:00',1,35,'1970-01-01 19:00:00'),(230,'2020-08-07 00:00:00',1,1,'1970-01-01 18:00:00',1,35,'1970-01-01 19:00:00'),(231,'2020-08-14 00:00:00',1,1,'1970-01-01 18:00:00',1,35,'1970-01-01 19:00:00'),(232,'2020-08-21 00:00:00',1,1,'1970-01-01 18:00:00',1,35,'1970-01-01 19:00:00'),(233,'2020-08-28 00:00:00',1,1,'1970-01-01 18:00:00',1,35,'1970-01-01 19:00:00'),(234,'2020-09-04 00:00:00',1,1,'1970-01-01 18:00:00',1,35,'1970-01-01 19:00:00'),(235,'2020-09-11 00:00:00',1,1,'1970-01-01 18:00:00',1,35,'1970-01-01 19:00:00'),(236,'2020-09-18 00:00:00',1,1,'1970-01-01 18:00:00',1,35,'1970-01-01 19:00:00'),(237,'2020-09-25 00:00:00',1,1,'1970-01-01 18:00:00',1,35,'1970-01-01 19:00:00'),(238,'2020-10-02 00:00:00',1,1,'1970-01-01 18:00:00',1,35,'1970-01-01 19:00:00'),(239,'2020-10-09 00:00:00',1,1,'1970-01-01 18:00:00',1,35,'1970-01-01 19:00:00'),(240,'2020-10-16 00:00:00',1,1,'1970-01-01 18:00:00',1,35,'1970-01-01 19:00:00'),(241,'2020-10-23 00:00:00',1,1,'1970-01-01 18:00:00',1,35,'1970-01-01 19:00:00'),(242,'2020-10-29 23:00:00',1,1,'1970-01-01 18:00:00',1,35,'1970-01-01 19:00:00'),(243,'2020-11-05 23:00:00',1,1,'1970-01-01 18:00:00',1,35,'1970-01-01 19:00:00'),(244,'2020-11-12 23:00:00',1,1,'1970-01-01 18:00:00',1,35,'1970-01-01 19:00:00'),(245,'2020-11-19 23:00:00',1,1,'1970-01-01 18:00:00',1,35,'1970-01-01 19:00:00'),(246,'2020-11-26 23:00:00',1,1,'1970-01-01 18:00:00',1,35,'1970-01-01 19:00:00'),(247,'2020-12-03 23:00:00',1,1,'1970-01-01 18:00:00',1,35,'1970-01-01 19:00:00'),(248,'2020-12-10 23:00:00',1,1,'1970-01-01 18:00:00',1,35,'1970-01-01 19:00:00'),(249,'2020-12-17 23:00:00',1,1,'1970-01-01 18:00:00',1,35,'1970-01-01 19:00:00'),(250,'2020-12-24 23:00:00',1,1,'1970-01-01 18:00:00',1,35,'1970-01-01 19:00:00'),(251,'2020-12-31 23:00:00',1,1,'1970-01-01 18:00:00',1,35,'1970-01-01 19:00:00'),(252,'2021-01-07 23:00:00',1,1,'1970-01-01 18:00:00',1,35,'1970-01-01 19:00:00'),(253,'2021-01-14 23:00:00',1,1,'1970-01-01 18:00:00',1,35,'1970-01-01 19:00:00'),(254,'2021-01-21 23:00:00',1,1,'1970-01-01 18:00:00',1,35,'1970-01-01 19:00:00'),(255,'2021-01-28 23:00:00',1,1,'1970-01-01 18:00:00',1,35,'1970-01-01 19:00:00'),(256,'2021-02-04 23:00:00',1,1,'1970-01-01 18:00:00',1,35,'1970-01-01 19:00:00'),(257,'2021-02-11 23:00:00',1,1,'1970-01-01 18:00:00',1,35,'1970-01-01 19:00:00'),(258,'2021-02-18 23:00:00',1,1,'1970-01-01 18:00:00',1,35,'1970-01-01 19:00:00'),(259,'2021-02-25 23:00:00',1,1,'1970-01-01 18:00:00',1,35,'1970-01-01 19:00:00'),(260,'2021-03-04 23:00:00',1,1,'1970-01-01 18:00:00',1,35,'1970-01-01 19:00:00'),(261,'2021-03-11 23:00:00',1,1,'1970-01-01 18:00:00',1,35,'1970-01-01 19:00:00'),(262,'2021-03-18 23:00:00',1,1,'1970-01-01 18:00:00',1,35,'1970-01-01 19:00:00'),(263,'2021-03-25 23:00:00',1,1,'1970-01-01 18:00:00',1,35,'1970-01-01 19:00:00'),(264,'2021-04-02 00:00:00',1,1,'1970-01-01 18:00:00',1,35,'1970-01-01 19:00:00'),(265,'2021-04-09 00:00:00',1,1,'1970-01-01 18:00:00',1,35,'1970-01-01 19:00:00'),(266,'2021-04-16 00:00:00',1,1,'1970-01-01 18:00:00',1,35,'1970-01-01 19:00:00'),(267,'2021-04-23 00:00:00',1,1,'1970-01-01 18:00:00',1,35,'1970-01-01 19:00:00'),(268,'2021-04-30 00:00:00',1,1,'1970-01-01 18:00:00',1,35,'1970-01-01 19:00:00'),(269,'2021-05-07 00:00:00',1,1,'1970-01-01 18:00:00',1,35,'1970-01-01 19:00:00'),(270,'2021-05-14 00:00:00',1,1,'1970-01-01 18:00:00',1,35,'1970-01-01 19:00:00'),(271,'2021-05-21 00:00:00',1,1,'1970-01-01 18:00:00',1,35,'1970-01-01 19:00:00'),(272,'2021-05-28 00:00:00',1,1,'1970-01-01 18:00:00',1,35,'1970-01-01 19:00:00'),(273,'2021-06-04 00:00:00',1,1,'1970-01-01 18:00:00',1,35,'1970-01-01 19:00:00'),(274,'2021-06-11 00:00:00',1,1,'1970-01-01 18:00:00',1,35,'1970-01-01 19:00:00'),(275,'2021-06-18 00:00:00',1,1,'1970-01-01 18:00:00',1,35,'1970-01-01 19:00:00'),(276,'2021-06-25 00:00:00',1,1,'1970-01-01 18:00:00',1,35,'1970-01-01 19:00:00'),(277,'2021-07-02 00:00:00',1,1,'1970-01-01 18:00:00',1,35,'1970-01-01 19:00:00'),(278,'2021-07-09 00:00:00',1,1,'1970-01-01 18:00:00',1,35,'1970-01-01 19:00:00'),(287,'2017-09-24 00:00:00',2,10,'1970-01-01 08:00:00',3,36,'1970-01-01 10:00:00');
/*!40000 ALTER TABLE `events` ENABLE KEYS */;
UNLOCK TABLES;

--
-- Table structure for table `places`
--

DROP TABLE IF EXISTS `places`;
/*!40101 SET @saved_cs_client     = @@character_set_client */;
/*!40101 SET character_set_client = utf8 */;
CREATE TABLE `places` (
  `id` bigint(20) NOT NULL AUTO_INCREMENT,
  `city` varchar(255) NOT NULL,
  `description` varchar(255) NOT NULL,
  `street` varchar(255) NOT NULL,
  `name` varchar(255) NOT NULL,
  PRIMARY KEY (`id`)
) ENGINE=MyISAM AUTO_INCREMENT=6 DEFAULT CHARSET=latin1;
/*!40101 SET character_set_client = @saved_cs_client */;

--
-- Dumping data for table `places`
--

LOCK TABLES `places` WRITE;
/*!40000 ALTER TABLE `places` DISABLE KEYS */;
INSERT INTO `places` VALUES (1,'Warszawa','Mieszkanie w okolicy','Katowicka 27','KatoPower2'),(2,'Warszawa','Siedziba g?贸wna, lekko zaniedbana','Katowicka 18','KatoPower'),(3,'Warszawa','Warszawskie osrodki','Dowolna','Dowolne w Warszawie'),(4,'Dowolne','Dowolny osrodek','Dowolna','Dowolne'),(5,'Warszawa','Niedaleko st?d','Poprawna 33','Gabinet Domowy');
/*!40000 ALTER TABLE `places` ENABLE KEYS */;
UNLOCK TABLES;

--
-- Table structure for table `requests`
--

DROP TABLE IF EXISTS `requests`;
/*!40101 SET @saved_cs_client     = @@character_set_client */;
/*!40101 SET character_set_client = utf8 */;
CREATE TABLE `requests` (
  `id` bigint(20) NOT NULL AUTO_INCREMENT,
  `hour` datetime NOT NULL,
  `interval_days` int(11) NOT NULL,
  `request_duration` int(11) NOT NULL,
  `startdate` datetime NOT NULL,
  `status_id` bigint(20) DEFAULT NULL,
  `user_id` bigint(20) DEFAULT NULL,
  PRIMARY KEY (`id`),
  KEY `FKggkl2yncp63n4lfb0hkdff2pu` (`status_id`),
  KEY `FK8usbpx9csc6opbjg1d7kvtf8c` (`user_id`)
) ENGINE=MyISAM DEFAULT CHARSET=latin1;
/*!40101 SET character_set_client = @saved_cs_client */;

--
-- Dumping data for table `requests`
--

LOCK TABLES `requests` WRITE;
/*!40000 ALTER TABLE `requests` DISABLE KEYS */;
/*!40000 ALTER TABLE `requests` ENABLE KEYS */;
UNLOCK TABLES;

--
-- Table structure for table `rooms`
--

DROP TABLE IF EXISTS `rooms`;
/*!40101 SET @saved_cs_client     = @@character_set_client */;
/*!40101 SET character_set_client = utf8 */;
CREATE TABLE `rooms` (
  `id` bigint(20) NOT NULL AUTO_INCREMENT,
  `description` varchar(255) NOT NULL,
  `floor` varchar(255) NOT NULL,
  `number` int(11) NOT NULL,
  `seats` int(11) DEFAULT NULL,
  `place_id` bigint(20) DEFAULT NULL,
  PRIMARY KEY (`id`),
  KEY `FKce686c39baaiyp7f25valuvfi` (`place_id`)
) ENGINE=MyISAM AUTO_INCREMENT=8 DEFAULT CHARSET=latin1;
/*!40101 SET character_set_client = @saved_cs_client */;

--
-- Dumping data for table `rooms`
--

LOCK TABLES `rooms` WRITE;
/*!40000 ALTER TABLE `rooms` DISABLE KEYS */;
INSERT INTO `rooms` VALUES (1,'Pok贸j z zakurzonym kwiatkiem','3',3,11,2),(2,'Pok贸j na poddaszu','1',6,2,5),(3,'Du?y gabinet','4',5,10,1),(4,'Du?a sala ko?o sekretariatu','Parter',1,10,2),(5,'Ma?y gabinet ','4',1,2,1),(6,'Du?a sala na pi?trze','1',12,25,2),(7,'Mega sala','3',5,40,1);
/*!40000 ALTER TABLE `rooms` ENABLE KEYS */;
UNLOCK TABLES;

--
-- Table structure for table `series`
--

DROP TABLE IF EXISTS `series`;
/*!40101 SET @saved_cs_client     = @@character_set_client */;
/*!40101 SET character_set_client = utf8 */;
CREATE TABLE `series` (
  `id` bigint(20) NOT NULL AUTO_INCREMENT,
  `client` varchar(255) NOT NULL,
  `user_id` bigint(20) DEFAULT NULL,
  `event_type_id` bigint(20) DEFAULT NULL,
  PRIMARY KEY (`id`),
  KEY `FKkdojjormo6x739seughg6nrpt` (`event_type_id`),
  KEY `FKowucb5qrpmshea8ptkmco26li` (`user_id`)
) ENGINE=MyISAM AUTO_INCREMENT=37 DEFAULT CHARSET=latin1;
/*!40101 SET character_set_client = @saved_cs_client */;

--
-- Dumping data for table `series`
--

LOCK TABLES `series` WRITE;
/*!40000 ALTER TABLE `series` DISABLE KEYS */;
INSERT INTO `series` VALUES (1,'MM',1,1),(2,'GG',5,1),(3,'GG',5,1),(4,'JJ',5,1),(5,'FF',5,1),(6,'KK',5,1),(7,'LL',1,1),(8,'UU',5,1),(9,'QQ',1,1),(10,'VV',1,1),(11,'UYUYU',1,1),(12,'OPOPOPO',1,1),(13,'TRUMP',1,1),(14,'JUPI',1,1),(15,'JUPI',1,1),(16,'JUPI',1,1),(17,'UR',1,1),(18,'Uhu',1,1),(19,'DDD',1,1),(20,'Uhu',1,1),(21,'Uhu',1,1),(22,'Uhu',1,1),(23,'Uhu',1,1),(24,'Nowy',1,1),(25,'Nowy2',1,1),(26,'rrr',1,1),(27,'gol',1,1),(28,'ffff',1,1),(29,'dddd',1,1),(30,'Tr贸jka',1,1),(31,'Figo',1,1),(32,'Grupa nowicjuszy',1,4),(33,'Nowi',1,4),(34,'Nowi2',1,5),(35,'DZ',1,2),(36,'Grupa zaawansowana 2',8,3);
/*!40000 ALTER TABLE `series` ENABLE KEYS */;
UNLOCK TABLES;

--
-- Table structure for table `statuses`
--

DROP TABLE IF EXISTS `statuses`;
/*!40101 SET @saved_cs_client     = @@character_set_client */;
/*!40101 SET character_set_client = utf8 */;
CREATE TABLE `statuses` (
  `id` bigint(20) NOT NULL AUTO_INCREMENT,
  `status_labels` tinyblob NOT NULL,
  `status_values` tinyblob NOT NULL,
  PRIMARY KEY (`id`)
) ENGINE=MyISAM DEFAULT CHARSET=latin1;
/*!40101 SET character_set_client = @saved_cs_client */;

--
-- Dumping data for table `statuses`
--

LOCK TABLES `statuses` WRITE;
/*!40000 ALTER TABLE `statuses` DISABLE KEYS */;
/*!40000 ALTER TABLE `statuses` ENABLE KEYS */;
UNLOCK TABLES;

--
-- Table structure for table `users`
--

DROP TABLE IF EXISTS `users`;
/*!40101 SET @saved_cs_client     = @@character_set_client */;
/*!40101 SET character_set_client = utf8 */;
CREATE TABLE `users` (
  `id` bigint(20) NOT NULL AUTO_INCREMENT,
  `email` varchar(255) NOT NULL,
  `first_name` varchar(20) NOT NULL,
  `last_name` varchar(30) NOT NULL,
  `password` varchar(255) NOT NULL,
  `user_name` varchar(20) NOT NULL,
  PRIMARY KEY (`id`)
) ENGINE=MyISAM AUTO_INCREMENT=9 DEFAULT CHARSET=latin1;
/*!40101 SET character_set_client = @saved_cs_client */;

--
-- Dumping data for table `users`
--

LOCK TABLES `users` WRITE;
/*!40000 ALTER TABLE `users` DISABLE KEYS */;
INSERT INTO `users` VALUES (1,'s@sos','Stefan','Bratkowski','stefcio','stefcio'),(5,'c@g','Mikodem','RozwaloMiskoChrupki','nikiniki','niki'),(4,'mal@goska','Malgo','K','malgoska','malgoska'),(6,'ad@min','Stefan','Nadzwyczajny','adminadmin','admin'),(7,'jol@ka','Jola','Kwiatek','jolkajolka','jolka'),(8,'kazik@skrzynka.pl','Kazik','(O-O)','cazicus','Cazicus');
/*!40000 ALTER TABLE `users` ENABLE KEYS */;
UNLOCK TABLES;
/*!40103 SET TIME_ZONE=@OLD_TIME_ZONE */;

/*!40101 SET SQL_MODE=@OLD_SQL_MODE */;
/*!40014 SET FOREIGN_KEY_CHECKS=@OLD_FOREIGN_KEY_CHECKS */;
/*!40014 SET UNIQUE_CHECKS=@OLD_UNIQUE_CHECKS */;
/*!40101 SET CHARACTER_SET_CLIENT=@OLD_CHARACTER_SET_CLIENT */;
/*!40101 SET CHARACTER_SET_RESULTS=@OLD_CHARACTER_SET_RESULTS */;
/*!40101 SET COLLATION_CONNECTION=@OLD_COLLATION_CONNECTION */;
/*!40111 SET SQL_NOTES=@OLD_SQL_NOTES */;

-- Dump completed on 2017-09-15 14:47:12
